{
    "up":[
        {"id":"1","title":"switch23a9b7上的内存使用率指标产生主要级别告警","source":"switch23a9b7","type":"三层交换机","user":"admin","important":"重要","state":"已确认","time":"2017-12-14 10:25:58","lastTime":"2018-01-04 11:37:06"},
        {"id":"2","title":"switch23a9b7上的内存使用率指标产生主要级别告警","source":"switch23a9b7","type":"三层交换机","user":"admin","important":"重要","state":"已确认","time":"2017-12-14 10:25:58","lastTime":"2018-01-04 11:37:06"},
        {"id":"3","title":"switch23a9b7上的内存使用率指标产生主要级别告警","source":"switch23a9b7","type":"三层交换机","user":"admin","important":"重要","state":"已确认","time":"2017-12-14 10:25:58","lastTime":"2018-01-04 11:37:06"},
        {"id":"4","title":"switch23a9b7上的内存使用率指标产生主要级别告警","source":"switch23a9b7","type":"三层交换机","user":"admin","important":"重要","state":"已确认","time":"2017-12-14 10:25:58","lastTime":"2018-01-04 11:37:06"},
        {"id":"5","title":"switch23a9b7上的内存使用率指标产生主要级别告警","source":"switch23a9b7","type":"三层交换机","user":"admin","important":"重要","state":"已确认","time":"2017-12-14 10:25:58","lastTime":"2018-01-04 11:37:06"},
        {"id":"6","title":"switch23a9b7上的内存使用率指标产生主要级别告警","source":"switch23a9b7","type":"三层交换机","user":"admin","important":"重要","state":"已确认","time":"2017-12-14 10:25:58","lastTime":"2018-01-04 11:37:06"},
        {"id":"7","title":"switch23a9b7上的内存使用率指标产生主要级别告警","source":"switch23a9b7","type":"三层交换机","user":"admin","important":"重要","state":"已确认","time":"2017-12-14 10:25:58","lastTime":"2018-01-04 11:37:06"},
        {"id":"8","title":"switch23a9b7上的内存使用率指标产生主要级别告警","source":"switch23a9b7","type":"三层交换机","user":"admin","important":"重要","state":"已确认","time":"2017-12-14 10:25:58","lastTime":"2018-01-04 11:37:06"},
        {"id":"9","title":"switch23a9b7上的内存使用率指标产生主要级别告警","source":"switch23a9b7","type":"三层交换机","user":"admin","important":"重要","state":"已确认","time":"2017-12-14 10:25:58","lastTime":"2018-01-04 11:37:06"},
        {"id":"10","title":"switch23a9b7上的内存使用率指标产生主要级别告警","source":"switch23a9b7","type":"三层交换机","user":"admin","important":"重要","state":"已确认","time":"2017-12-14 10:25:58","lastTime":"2018-01-04 11:37:06"},
        {"id":"11","title":"switch23a9b7上的内存使用率指标产生主要级别告警","source":"switch23a9b7","type":"三层交换机","user":"admin","important":"重要","state":"已确认","time":"2017-12-14 10:25:58","lastTime":"2018-01-04 11:37:06"},
        {"id":"12","title":"switch23a9b7上的内存使用率指标产生主要级别告警","source":"switch23a9b7","type":"三层交换机","user":"admin","important":"重要","state":"已确认","time":"2017-12-14 10:25:58","lastTime":"2018-01-04 11:37:06"},
        {"id":"13","title":"switch23a9b7上的内存使用率指标产生主要级别告警","source":"switch23a9b7","type":"三层交换机","user":"admin","important":"重要","state":"已确认","time":"2017-12-14 10:25:58","lastTime":"2018-01-04 11:37:06"},
        {"id":"14","title":"switch23a9b7上的内存使用率指标产生主要级别告警","source":"switch23a9b7","type":"三层交换机","user":"admin","important":"重要","state":"已确认","time":"2017-12-14 10:25:58","lastTime":"2018-01-04 11:37:06"},
        {"id":"15","title":"switch23a9b7上的内存使用率指标产生主要级别告警","source":"switch23a9b7","type":"三层交换机","user":"admin","important":"重要","state":"已确认","time":"2017-12-14 10:25:58","lastTime":"2018-01-04 11:37:06"},
        {"id":"16","title":"switch23a9b7上的内存使用率指标产生主要级别告警","source":"switch23a9b7","type":"三层交换机","user":"admin","important":"重要","state":"已确认","time":"2017-12-14 10:25:58","lastTime":"2018-01-04 11:37:06"},
        {"id":"17","title":"switch23a9b7上的内存使用率指标产生主要级别告警","source":"switch23a9b7","type":"三层交换机","user":"admin","important":"重要","state":"已确认","time":"2017-12-14 10:25:58","lastTime":"2018-01-04 11:37:06"},
        {"id":"18","title":"switch23a9b7上的内存使用率指标产生主要级别告警","source":"switch23a9b7","type":"三层交换机","user":"admin","important":"重要","state":"已确认","time":"2017-12-14 10:25:58","lastTime":"2018-01-04 11:37:06"}

    ]
}